{"count":1,"self":297.85205759999997,"total":615.9141817,"children":{"InitializeActuators":{"count":1,"self":0.0010004999999999999,"total":0.0010004999999999999,"children":null},"InitializeSensors":{"count":1,"self":0.00099969999999999985,"total":0.00099969999999999985,"children":null},"AgentSendState":{"count":439784,"self":2.4821518,"total":15.723695,"children":{"CollectObservations":{"count":43979,"self":0.19103599999999998,"total":0.19103599999999998,"children":null},"WriteActionMask":{"count":43979,"self":0.07691039999999999,"total":0.07691039999999999,"children":null},"RequestDecision":{"count":43979,"self":0.40927929999999996,"total":12.9735968,"children":{"AgentInfo.ToProto":{"count":43979,"self":0.48489689999999996,"total":12.5643175,"children":{"GenerateSensorData":{"count":43979,"self":12.0794208,"total":12.079420599999999,"children":null}}}}}}},"DecideAction":{"count":439784,"self":297.94785279999996,"total":297.9478453,"children":null},"AgentAct":{"count":439784,"self":4.3771328,"total":4.3885941,"children":{"AgentInfo.ToProto":{"count":27,"self":0,"total":0.0114611,"children":{"GenerateSensorData":{"count":27,"self":0.0114611,"total":0.0114611,"children":null}}}}}},"gauges":{"test1.CumulativeReward":{"count":27,"max":1,"min":1,"runningAverage":1,"value":1,"weightedAverage":1}},"metadata":{"timer_format_version":"0.1.0","start_time_seconds":"1731222487","unity_version":"6000.0.25f1","command_line_arguments":"C:\\Program Files\\Unity 6000.0.25f1\\Editor\\Unity.exe -projectpath D:\\WPI\\CS525\\Assignment\\FinalProject\\RL_final_project -useHub -hubIPC -cloudEnvironment production","communication_protocol_version":"1.5.0","com.unity.ml-agents_version":"3.0.0","scene_name":"SampleScene","end_time_seconds":"1731223103"}}