{"count":1,"self":159.4694656,"total":161.0533637,"children":{"InitializeActuators":{"count":4,"self":0.0022754999999999997,"total":0.0022754999999999997,"children":null},"InitializeSensors":{"count":4,"self":0.0025084,"total":0.0025084,"children":null},"AgentSendState":{"count":7767,"self":0.20207419999999998,"total":0.25345239999999997,"children":{"CollectObservations":{"count":1540,"self":0.013198099999999999,"total":0.013198099999999999,"children":null},"WriteActionMask":{"count":1540,"self":0.0076763,"total":0.0076763,"children":null},"RequestDecision":{"count":1540,"self":0.030503799999999998,"total":0.030503799999999998,"children":null}}},"DecideAction":{"count":7767,"self":0.9624802,"total":1.075922,"children":{"RayPerceptionSensor.Perceive":{"count":1540,"self":0.1134418,"total":0.1134418,"children":null}}},"AgentAct":{"count":7767,"self":0.24974529999999998,"total":0.24974529999999998,"children":null}},"gauges":{"blue.CumulativeReward":{"count":17,"max":5.7,"min":-14.7602425,"runningAverage":-1.85120428,"value":1.87000036,"weightedAverage":0.5179435},"red.CumulativeReward":{"count":17,"max":4.010001,"min":-14.4602356,"runningAverage":-3.99355745,"value":-7.05999947,"weightedAverage":-4.03277},"ShootingCompeteAgent.CumulativeReward":{"count":2,"max":18.6601143,"min":9.320123,"runningAverage":13.990118,"value":18.6601143,"weightedAverage":11.6551208}},"metadata":{"timer_format_version":"0.1.0","start_time_seconds":"1733807462","unity_version":"6000.0.25f1","command_line_arguments":"C:\\Program Files\\Unity 6000.0.25f1\\Editor\\Unity.exe -projectpath D:\\WPI\\CS525\\Assignment\\FinalProject\\RL_final_project -useHub -hubIPC -cloudEnvironment production","communication_protocol_version":"1.5.0","com.unity.ml-agents_version":"3.0.0","scene_name":"TwoAgentsComplex","end_time_seconds":"1733807623"}}