{"count":1,"self":76.294489599999991,"total":76.969830399999992,"children":{"InitializeActuators":{"count":2,"self":0.0015903999999999998,"total":0.0015903999999999998,"children":null},"InitializeSensors":{"count":2,"self":0.0020207,"total":0.0020207,"children":null},"AgentSendState":{"count":3586,"self":0.08760939999999999,"total":0.1016233,"children":{"CollectObservations":{"count":718,"self":0.0015103,"total":0.0015103,"children":null},"WriteActionMask":{"count":718,"self":0.0015180999999999999,"total":0.0015180999999999999,"children":null},"RequestDecision":{"count":718,"self":0.010985499999999999,"total":0.010985499999999999,"children":null}}},"DecideAction":{"count":3586,"self":0.40907079999999996,"total":0.4658773,"children":{"RayPerceptionSensor.Perceive":{"count":718,"self":0.056806499999999996,"total":0.056806499999999996,"children":null}}},"AgentAct":{"count":3586,"self":0.10323059999999999,"total":0.10323059999999999,"children":null}},"gauges":{"ShootingCompeteAgent.CumulativeReward":{"count":54,"max":7.7,"min":-6.3,"runningAverage":0.436111033,"value":0.5499997,"weightedAverage":0.750677347}},"metadata":{"timer_format_version":"0.1.0","start_time_seconds":"1733127903","unity_version":"6000.0.25f1","command_line_arguments":"C:\\Program Files\\Unity 6000.0.25f1\\Editor\\Unity.exe -projectpath D:\\WPI\\CS525\\Assignment\\FinalProject\\RL_final_project -useHub -hubIPC -cloudEnvironment production","communication_protocol_version":"1.5.0","com.unity.ml-agents_version":"3.0.0","scene_name":"TwoAgents","end_time_seconds":"1733127980"}}