{
    "name": "root",
    "gauges": {
        "test1.Policy.Entropy.mean": {
            "value": 1.3738194704055786,
            "min": 1.3738194704055786,
            "max": 1.4069713354110718,
            "count": 2
        },
        "test1.Policy.Entropy.sum": {
            "value": 13698.353515625,
            "min": 13698.353515625,
            "max": 14111.9228515625,
            "count": 2
        },
        "test1.Step.mean": {
            "value": 19996.0,
            "min": 9966.0,
            "max": 19996.0,
            "count": 2
        },
        "test1.Step.sum": {
            "value": 19996.0,
            "min": 9966.0,
            "max": 19996.0,
            "count": 2
        },
        "test1.Policy.ExtrinsicValueEstimate.mean": {
            "value": 0.9577826857566833,
            "min": 0.09711826592683792,
            "max": 0.9577826857566833,
            "count": 2
        },
        "test1.Policy.ExtrinsicValueEstimate.sum": {
            "value": 1236.4974365234375,
            "min": 15.927395820617676,
            "max": 1236.4974365234375,
            "count": 2
        },
        "test1.Losses.PolicyLoss.mean": {
            "value": 0.23864674420670626,
            "min": 0.23864674420670626,
            "max": 0.24059200099029046,
            "count": 2
        },
        "test1.Losses.PolicyLoss.sum": {
            "value": 22.194147211223683,
            "min": 18.525584076252365,
            "max": 22.194147211223683,
            "count": 2
        },
        "test1.Losses.ValueLoss.mean": {
            "value": 0.002953713997315887,
            "min": 0.002953713997315887,
            "max": 0.005852137040615776,
            "count": 2
        },
        "test1.Losses.ValueLoss.sum": {
            "value": 0.2746954017503775,
            "min": 0.2746954017503775,
            "max": 0.45061455212741475,
            "count": 2
        },
        "test1.Policy.LearningRate.mean": {
            "value": 0.00029092182238089887,
            "min": 0.00029092182238089887,
            "max": 0.0002969952945080623,
            "count": 2
        },
        "test1.Policy.LearningRate.sum": {
            "value": 0.027055729481423596,
            "min": 0.022868637677120798,
            "max": 0.027055729481423596,
            "count": 2
        },
        "test1.Policy.Epsilon.mean": {
            "value": 0.19697393978494626,
            "min": 0.19697393978494626,
            "max": 0.19899843116883115,
            "count": 2
        },
        "test1.Policy.Epsilon.sum": {
            "value": 18.3185764,
            "min": 15.3228792,
            "max": 18.3185764,
            "count": 2
        },
        "test1.Policy.Beta.mean": {
            "value": 0.0005000000000000001,
            "min": 0.0005000000000000001,
            "max": 0.0005000000000000001,
            "count": 2
        },
        "test1.Policy.Beta.sum": {
            "value": 0.046500000000000014,
            "min": 0.038500000000000006,
            "max": 0.046500000000000014,
            "count": 2
        },
        "test1.Environment.EpisodeLength.mean": {
            "value": 6.815420560747664,
            "min": 6.815420560747664,
            "max": 621.875,
            "count": 2
        },
        "test1.Environment.EpisodeLength.sum": {
            "value": 8751.0,
            "min": 8751.0,
            "max": 9950.0,
            "count": 2
        },
        "test1.Environment.CumulativeReward.mean": {
            "value": 1.0,
            "min": 1.0,
            "max": 1.0,
            "count": 2
        },
        "test1.Environment.CumulativeReward.sum": {
            "value": 1283.0,
            "min": 16.0,
            "max": 1283.0,
            "count": 2
        },
        "test1.Policy.ExtrinsicReward.mean": {
            "value": 1.0,
            "min": 1.0,
            "max": 1.0,
            "count": 2
        },
        "test1.Policy.ExtrinsicReward.sum": {
            "value": 1283.0,
            "min": 16.0,
            "max": 1283.0,
            "count": 2
        },
        "test1.IsTraining.mean": {
            "value": 1.0,
            "min": 1.0,
            "max": 1.0,
            "count": 2
        },
        "test1.IsTraining.sum": {
            "value": 1.0,
            "min": 1.0,
            "max": 1.0,
            "count": 2
        }
    },
    "metadata": {
        "timer_format_version": "0.1.0",
        "start_time_seconds": "1731233451",
        "python_version": "3.10.12 | packaged by Anaconda, Inc. | (main, Jul  5 2023, 19:01:18) [MSC v.1916 64 bit (AMD64)]",
        "command_line_arguments": "C:\\Users\\97838\\miniconda3\\envs\\mlagents\\Scripts\\mlagents-learn ./config/test1.yaml --force",
        "mlagents_version": "1.2.0.dev0",
        "mlagents_envs_version": "1.2.0.dev0",
        "communication_protocol_version": "1.5.0",
        "pytorch_version": "2.2.2+cu121",
        "numpy_version": "1.23.5",
        "end_time_seconds": "1731233735"
    },
    "total": 283.7810784999747,
    "count": 1,
    "self": 0.003993099962826818,
    "children": {
        "run_training.setup": {
            "total": 0.09119080001255497,
            "count": 1,
            "self": 0.09119080001255497
        },
        "TrainerController.start_learning": {
            "total": 283.6858945999993,
            "count": 1,
            "self": 0.28771938930731267,
            "children": {
                "TrainerController._reset_env": {
                    "total": 6.000415999966208,
                    "count": 1,
                    "self": 6.000415999966208
                },
                "TrainerController.advance": {
                    "total": 277.325038910727,
                    "count": 21697,
                    "self": 0.2653234042809345,
                    "children": {
                        "env_step": {
                            "total": 225.60217479924904,
                            "count": 21697,
                            "self": 174.6287456988357,
                            "children": {
                                "SubprocessEnvManager._take_step": {
                                    "total": 50.78910979843931,
                                    "count": 21697,
                                    "self": 0.9142369018518366,
                                    "children": {
                                        "TorchPolicy.evaluate": {
                                            "total": 49.874872896587476,
                                            "count": 20414,
                                            "self": 49.874872896587476
                                        }
                                    }
                                },
                                "workers": {
                                    "total": 0.18431930197402835,
                                    "count": 21696,
                                    "self": 0.0,
                                    "children": {
                                        "worker_root": {
                                            "total": 278.0095074964338,
                                            "count": 21696,
                                            "is_parallel": true,
                                            "self": 116.79768199188402,
                                            "children": {
                                                "steps_from_proto": {
                                                    "total": 0.00018199998885393143,
                                                    "count": 1,
                                                    "is_parallel": true,
                                                    "self": 5.909998435527086e-05,