{
    "name": "root",
    "gauges": {
        "test1.Policy.Entropy.mean": {
            "value": 1.3981120586395264,
            "min": 1.3981120586395264,
            "max": 1.3981120586395264,
            "count": 1
        },
        "test1.Policy.Entropy.sum": {
            "value": 13993.703125,
            "min": 13993.703125,
            "max": 13993.703125,
            "count": 1
        },
        "test1.Environment.EpisodeLength.mean": {
            "value": 31.81639344262295,
            "min": 31.81639344262295,
            "max": 31.81639344262295,
            "count": 1
        },
        "test1.Environment.EpisodeLength.sum": {
            "value": 9704.0,
            "min": 9704.0,
            "max": 9704.0,
            "count": 1
        },
        "test1.Step.mean": {
            "value": 9987.0,
            "min": 9987.0,
            "max": 9987.0,
            "count": 1
        },
        "test1.Step.sum": {
            "value": 9987.0,
            "min": 9987.0,
            "max": 9987.0,
            "count": 1
        },
        "test1.Policy.ExtrinsicValueEstimate.mean": {
            "value": 0.7915772199630737,
            "min": 0.7915772199630737,
            "max": 0.7915772199630737,
            "count": 1
        },
        "test1.Policy.ExtrinsicValueEstimate.sum": {
            "value": 291.3004150390625,
            "min": 291.3004150390625,
            "max": 291.3004150390625,
            "count": 1
        },
        "test1.Environment.CumulativeReward.mean": {
            "value": 1.0,
            "min": 1.0,
            "max": 1.0,
            "count": 1
        },
        "test1.Environment.CumulativeReward.sum": {
            "value": 304.0,
            "min": 304.0,
            "max": 304.0,
            "count": 1
        },
        "test1.Policy.ExtrinsicReward.mean": {
            "value": 1.0,
            "min": 1.0,
            "max": 1.0,
            "count": 1
        },
        "test1.Policy.ExtrinsicReward.sum": {
            "value": 304.0,
            "min": 304.0,
            "max": 304.0,
            "count": 1
        },
        "test1.Losses.PolicyLoss.mean": {
            "value": 0.2434421776451786,
            "min": 0.2434421776451786,
            "max": 0.2434421776451786,
            "count": 1
        },
        "test1.Losses.PolicyLoss.sum": {
            "value": 19.718816389259466,
            "min": 19.718816389259466,
            "max": 19.718816389259466,
            "count": 1
        },
        "test1.Losses.ValueLoss.mean": {
            "value": 0.012254184875854638,
            "min": 0.012254184875854638,
            "max": 0.012254184875854638,
            "count": 1
        },
        "test1.Losses.ValueLoss.sum": {
            "value": 0.9925889749442257,
            "min": 0.9925889749442257,
            "max": 0.9925889749442257,
            "count": 1
        },
        "test1.Policy.LearningRate.mean": {
            "value": 0.00029688171955794565,
            "min": 0.00029688171955794565,
            "max": 0.00029688171955794565,
            "count": 1
        },
        "test1.Policy.LearningRate.sum": {
            "value": 0.024047419284193596,
            "min": 0.024047419284193596,
            "max": 0.024047419284193596,
            "count": 1
        },
        "test1.Policy.Epsilon.mean": {
            "value": 0.1989605728395062,
            "min": 0.1989605728395062,
            "max": 0.1989605728395062,
            "count": 1
        },
        "test1.Policy.Epsilon.sum": {
            "value": 16.1158064,
            "min": 16.1158064,
            "max": 16.1158064,
            "count": 1
        },
        "test1.Policy.Beta.mean": {
            "value": 0.0005000000000000001,
            "min": 0.0005000000000000001,
            "max": 0.0005000000000000001,
            "count": 1
        },
        "test1.Policy.Beta.sum": {
            "value": 0.04050000000000001,
            "min": 0.04050000000000001,
            "max": 0.04050000000000001,
            "count": 1
        },
        "test1.IsTraining.mean": {
            "value": 1.0,
            "min": 1.0,
            "max": 1.0,
            "count": 1
        },
        "test1.IsTraining.sum": {
            "value": 1.0,
            "min": 1.0,
            "max": 1.0,
            "count": 1
        }
    },
    "metadata": {
        "timer_format_version": "0.1.0",
        "start_time_seconds": "1731239258",
        "python_version": "3.10.12 | packaged by Anaconda, Inc. | (main, Jul  5 2023, 19:01:18) [MSC v.1916 64 bit (AMD64)]",
        "command_line_arguments": "C:\\Users\\97838\\miniconda3\\envs\\mlagents\\Scripts\\mlagents-learn ./config/test1.yaml --force",
        "mlagents_version": "1.2.0.dev0",
        "mlagents_envs_version": "1.2.0.dev0",
        "communication_protocol_version": "1.5.0",
        "pytorch_version": "2.2.2+cu121",
        "numpy_version": "1.23.5",
        "end_time_seconds": "1731239438"
    },
    "total": 179.3043010000256,
    "count": 1,
    "self": 0.0035578999668359756,
    "children": {
        "run_training.setup": {
            "total": 0.08565620001172647,
            "count": 1,
            "self": 0.08565620001172647
        },
        "TrainerController.start_learning": {
            "total": 179.21508690004703,
            "count": 1,
            "self": 0.1618277973611839,
            "children": {
                "TrainerController._reset_env": {
                    "total": 6.562332300003618,
                    "count": 1,
                    "self": 6.562332300003618
                },
                "TrainerController.advance": {
                    "total": 172.4030556026264,
                    "count": 12866,
                    "self": 0.1566879033925943,
                    "children": {
                        "env_step": {
                            "total": 140.82100509956945,
                            "count": 12866,
                            "self": 108.49566030135611,
                            "children": {
                                "SubprocessEnvManager._take_step": {
                                    "total": 32.216686699015554,
                                    "count": 12866,
                                    "self": 0.5341500953654759,
                                    "children": {
                                        "TorchPolicy.evaluate": {
                                            "total": 31.682536603650078,
                                            "count": 12406,
                                            "self": 31.682536603650078
                                        }
                                    }
                                },
                                "workers": {
                                    "total": 0.10865809919778258,
                                    "count": 12865,
                                    "self": 0.0,
                                    "children": {
                                        "worker_root": {
                                            "total": 173.04427780065453,
                                            "count": 12865,
                                            "is_parallel": true,
                                            "self": 72.47606320329942,
                                            "children": {
                                                "steps_from_proto": {
                                                    "total": 0.0001876000314950943,
                                                    "count": 1,
                                                    "is_parallel": true,
                                                    "self": 5.6100019719451666e-05,